{
  "hash": "44bf9599",
  "configHash": "82e37408",
  "lockfileHash": "b3c32f84",
  "browserHash": "e7b7e59a",
  "optimized": {
    "@angular/common": {
      "src": "../../../../../../node_modules/@angular/common/fesm2022/common.mjs",
      "file": "@angular_common.js",
      "fileHash": "e1a1ab87",
      "needsInterop": false
    },
    "@angular/core": {
      "src": "../../../../../../node_modules/@angular/core/fesm2022/core.mjs",
      "file": "@angular_core.js",
      "fileHash": "b7550699",
      "needsInterop": false
    },
    "@angular/forms": {
      "src": "../../../../../../node_modules/@angular/forms/fesm2022/forms.mjs",
      "file": "@angular_forms.js",
      "fileHash": "a4d542bf",
      "needsInterop": false
    },
    "@angular/platform-browser": {
      "src": "../../../../../../node_modules/@angular/platform-browser/fesm2022/platform-browser.mjs",
      "file": "@angular_platform-browser.js",
      "fileHash": "2593cbd6",
      "needsInterop": false
    },
    "@angular/router": {
      "src": "../../../../../../node_modules/@angular/router/fesm2022/router.mjs",
      "file": "@angular_router.js",
      "fileHash": "02244ca5",
      "needsInterop": false
    },
    "flowbite": {
      "src": "../../../../../../node_modules/flowbite/lib/esm/index.js",
      "file": "flowbite.js",
      "fileHash": "822e2e02",
      "needsInterop": false
    },
    "rxjs": {
      "src": "../../../../../../node_modules/rxjs/dist/esm5/index.js",
      "file": "rxjs.js",
      "fileHash": "5a8da2f8",
      "needsInterop": false
    }
  },
  "chunks": {
    "chunk-W4SHNZJI": {
      "file": "chunk-W4SHNZJI.js"
    },
    "chunk-EBBHWAJN": {
      "file": "chunk-EBBHWAJN.js"
    },
    "chunk-XDIGH5TE": {
      "file": "chunk-XDIGH5TE.js"
    },
    "chunk-P6U2JBMQ": {
      "file": "chunk-P6U2JBMQ.js"
    },
    "chunk-WDMUDEB6": {
      "file": "chunk-WDMUDEB6.js"
    }
  }
}